,image_path,width,height,cls,bbox
0,C:/Users/Chiqu/Documents/GitHub/Deep-Learning-and-Computer-Vision-for-Business/02-Pytorch and CV/datasets/retail_products//images/train\aqua (1).jpg,512,512,aqua,"[211, 122, 297, 356]"
1,C:/Users/Chiqu/Documents/GitHub/Deep-Learning-and-Computer-Vision-for-Business/02-Pytorch and CV/datasets/retail_products//images/train\chitato (1).jpg,512,512,chitato,"[103, 88, 378, 409]"
2,C:/Users/Chiqu/Documents/GitHub/Deep-Learning-and-Computer-Vision-for-Business/02-Pytorch and CV/datasets/retail_products//images/train\indomie (1).jpg,512,512,indomie,"[105, 167, 338, 367]"
3,C:/Users/Chiqu/Documents/GitHub/Deep-Learning-and-Computer-Vision-for-Business/02-Pytorch and CV/datasets/retail_products//images/train\pepsodent (1).jpg,512,512,pepsodent,"[138, 174, 316, 330]"
4,C:/Users/Chiqu/Documents/GitHub/Deep-Learning-and-Computer-Vision-for-Business/02-Pytorch and CV/datasets/retail_products//images/train\shampoo (1).jpg,512,512,shampoo,"[199, 151, 276, 331]"
5,C:/Users/Chiqu/Documents/GitHub/Deep-Learning-and-Computer-Vision-for-Business/02-Pytorch and CV/datasets/retail_products//images/train\tissue (1).jpg,512,512,tissue,"[134, 152, 362, 337]"
6,C:/Users/Chiqu/Documents/GitHub/Deep-Learning-and-Computer-Vision-for-Business/02-Pytorch and CV/datasets/retail_products//images/train\aqua (2).jpg,512,512,aqua,"[131, 183, 295, 296]"
7,C:/Users/Chiqu/Documents/GitHub/Deep-Learning-and-Computer-Vision-for-Business/02-Pytorch and CV/datasets/retail_products//images/train\chitato (2).jpg,512,512,chitato,"[135, 54, 352, 471]"
8,C:/Users/Chiqu/Documents/GitHub/Deep-Learning-and-Computer-Vision-for-Business/02-Pytorch and CV/datasets/retail_products//images/train\indomie (2).jpg,512,512,indomie,"[156, 200, 305, 357]"
9,C:/Users/Chiqu/Documents/GitHub/Deep-Learning-and-Computer-Vision-for-Business/02-Pytorch and CV/datasets/retail_products//images/train\pepsodent (2).jpg,512,512,pepsodent,"[114, 250, 314, 301]"
10,C:/Users/Chiqu/Documents/GitHub/Deep-Learning-and-Computer-Vision-for-Business/02-Pytorch and CV/datasets/retail_products//images/train\shampoo (2).jpg,512,512,shampoo,"[122, 192, 328, 383]"
11,C:/Users/Chiqu/Documents/GitHub/Deep-Learning-and-Computer-Vision-for-Business/02-Pytorch and CV/datasets/retail_products//images/train\tissue (2).jpg,512,512,tissue,"[100, 153, 355, 366]"
12,C:/Users/Chiqu/Documents/GitHub/Deep-Learning-and-Computer-Vision-for-Business/02-Pytorch and CV/datasets/retail_products//images/train\aqua (3).jpg,512,512,aqua,"[99, 181, 340, 343]"
13,C:/Users/Chiqu/Documents/GitHub/Deep-Learning-and-Computer-Vision-for-Business/02-Pytorch and CV/datasets/retail_products//images/train\chitato (3).jpg,512,512,chitato,"[156, 88, 348, 458]"
14,C:/Users/Chiqu/Documents/GitHub/Deep-Learning-and-Computer-Vision-for-Business/02-Pytorch and CV/datasets/retail_products//images/train\indomie (3).jpg,512,512,indomie,"[108, 190, 330, 347]"
15,C:/Users/Chiqu/Documents/GitHub/Deep-Learning-and-Computer-Vision-for-Business/02-Pytorch and CV/datasets/retail_products//images/train\pepsodent (3).jpg,512,512,pepsodent,"[87, 233, 359, 325]"
16,C:/Users/Chiqu/Documents/GitHub/Deep-Learning-and-Computer-Vision-for-Business/02-Pytorch and CV/datasets/retail_products//images/train\shampoo (3).jpg,512,512,shampoo,"[141, 190, 260, 338]"
17,C:/Users/Chiqu/Documents/GitHub/Deep-Learning-and-Computer-Vision-for-Business/02-Pytorch and CV/datasets/retail_products//images/train\tissue (3).jpg,512,512,tissue,"[99, 124, 352, 367]"
18,C:/Users/Chiqu/Documents/GitHub/Deep-Learning-and-Computer-Vision-for-Business/02-Pytorch and CV/datasets/retail_products//images/train\aqua (4).jpg,512,512,aqua,"[128, 165, 290, 375]"
19,C:/Users/Chiqu/Documents/GitHub/Deep-Learning-and-Computer-Vision-for-Business/02-Pytorch and CV/datasets/retail_products//images/train\chitato (4).jpg,512,512,chitato,"[117, 101, 398, 424]"
20,C:/Users/Chiqu/Documents/GitHub/Deep-Learning-and-Computer-Vision-for-Business/02-Pytorch and CV/datasets/retail_products//images/train\indomie (4).jpg,512,512,indomie,"[117, 220, 317, 360]"
21,C:/Users/Chiqu/Documents/GitHub/Deep-Learning-and-Computer-Vision-for-Business/02-Pytorch and CV/datasets/retail_products//images/train\pepsodent (4).jpg,512,512,pepsodent,"[168, 177, 250, 361]"
22,C:/Users/Chiqu/Documents/GitHub/Deep-Learning-and-Computer-Vision-for-Business/02-Pytorch and CV/datasets/retail_products//images/train\shampoo (4).jpg,512,512,shampoo,"[173, 122, 254, 311]"
23,C:/Users/Chiqu/Documents/GitHub/Deep-Learning-and-Computer-Vision-for-Business/02-Pytorch and CV/datasets/retail_products//images/train\tissue (4).jpg,512,512,tissue,"[82, 136, 358, 374]"
24,C:/Users/Chiqu/Documents/GitHub/Deep-Learning-and-Computer-Vision-for-Business/02-Pytorch and CV/datasets/retail_products//images/train\aqua (5).jpg,512,512,aqua,"[163, 135, 224, 352]"
25,C:/Users/Chiqu/Documents/GitHub/Deep-Learning-and-Computer-Vision-for-Business/02-Pytorch and CV/datasets/retail_products//images/train\chitato (5).jpg,512,512,chitato,"[130, 113, 404, 437]"
26,C:/Users/Chiqu/Documents/GitHub/Deep-Learning-and-Computer-Vision-for-Business/02-Pytorch and CV/datasets/retail_products//images/train\indomie (5).jpg,512,512,indomie,"[108, 204, 310, 330]"
27,C:/Users/Chiqu/Documents/GitHub/Deep-Learning-and-Computer-Vision-for-Business/02-Pytorch and CV/datasets/retail_products//images/train\pepsodent (5).jpg,512,512,pepsodent,"[73, 157, 392, 376]"
28,C:/Users/Chiqu/Documents/GitHub/Deep-Learning-and-Computer-Vision-for-Business/02-Pytorch and CV/datasets/retail_products//images/train\shampoo (5).jpg,512,512,shampoo,"[138, 204, 275, 356]"
29,C:/Users/Chiqu/Documents/GitHub/Deep-Learning-and-Computer-Vision-for-Business/02-Pytorch and CV/datasets/retail_products//images/train\tissue (5).jpg,512,512,tissue,"[78, 55, 380, 249]"
30,C:/Users/Chiqu/Documents/GitHub/Deep-Learning-and-Computer-Vision-for-Business/02-Pytorch and CV/datasets/retail_products//images/train\aqua (6).jpg,512,512,aqua,"[182, 134, 291, 366]"
31,C:/Users/Chiqu/Documents/GitHub/Deep-Learning-and-Computer-Vision-for-Business/02-Pytorch and CV/datasets/retail_products//images/train\chitato (6).jpg,512,512,chitato,"[106, 185, 340, 364]"
32,C:/Users/Chiqu/Documents/GitHub/Deep-Learning-and-Computer-Vision-for-Business/02-Pytorch and CV/datasets/retail_products//images/train\indomie (6).jpg,512,512,indomie,"[122, 127, 370, 303]"
33,C:/Users/Chiqu/Documents/GitHub/Deep-Learning-and-Computer-Vision-for-Business/02-Pytorch and CV/datasets/retail_products//images/train\pepsodent (6).jpg,512,512,pepsodent,"[180, 127, 296, 403]"
34,C:/Users/Chiqu/Documents/GitHub/Deep-Learning-and-Computer-Vision-for-Business/02-Pytorch and CV/datasets/retail_products//images/train\shampoo (6).jpg,512,512,shampoo,"[139, 103, 229, 286]"
35,C:/Users/Chiqu/Documents/GitHub/Deep-Learning-and-Computer-Vision-for-Business/02-Pytorch and CV/datasets/retail_products//images/train\tissue (6).jpg,512,512,tissue,"[56, 51, 278, 291]"
36,C:/Users/Chiqu/Documents/GitHub/Deep-Learning-and-Computer-Vision-for-Business/02-Pytorch and CV/datasets/retail_products//images/train\aqua (7).jpg,512,512,aqua,"[168, 149, 293, 364]"
37,C:/Users/Chiqu/Documents/GitHub/Deep-Learning-and-Computer-Vision-for-Business/02-Pytorch and CV/datasets/retail_products//images/train\chitato (7).jpg,512,512,chitato,"[116, 166, 332, 367]"
38,C:/Users/Chiqu/Documents/GitHub/Deep-Learning-and-Computer-Vision-for-Business/02-Pytorch and CV/datasets/retail_products//images/train\indomie (7).jpg,512,512,indomie,"[212, 2, 473, 261]"
39,C:/Users/Chiqu/Documents/GitHub/Deep-Learning-and-Computer-Vision-for-Business/02-Pytorch and CV/datasets/retail_products//images/train\pepsodent (7).jpg,512,512,pepsodent,"[161, 122, 314, 446]"
40,C:/Users/Chiqu/Documents/GitHub/Deep-Learning-and-Computer-Vision-for-Business/02-Pytorch and CV/datasets/retail_products//images/train\shampoo (7).jpg,512,512,shampoo,"[323, 145, 434, 329]"
41,C:/Users/Chiqu/Documents/GitHub/Deep-Learning-and-Computer-Vision-for-Business/02-Pytorch and CV/datasets/retail_products//images/train\tissue (7).jpg,512,512,tissue,"[269, 78, 512, 310]"
42,C:/Users/Chiqu/Documents/GitHub/Deep-Learning-and-Computer-Vision-for-Business/02-Pytorch and CV/datasets/retail_products//images/train\aqua (8).jpg,512,512,aqua,"[103, 170, 375, 371]"
43,C:/Users/Chiqu/Documents/GitHub/Deep-Learning-and-Computer-Vision-for-Business/02-Pytorch and CV/datasets/retail_products//images/train\chitato (8).jpg,512,512,chitato,"[89, 192, 316, 333]"
44,C:/Users/Chiqu/Documents/GitHub/Deep-Learning-and-Computer-Vision-for-Business/02-Pytorch and CV/datasets/retail_products//images/train\indomie (8).jpg,512,512,indomie,"[127, 199, 352, 344]"
45,C:/Users/Chiqu/Documents/GitHub/Deep-Learning-and-Computer-Vision-for-Business/02-Pytorch and CV/datasets/retail_products//images/train\pepsodent (8).jpg,512,512,pepsodent,"[185, 135, 294, 412]"
46,C:/Users/Chiqu/Documents/GitHub/Deep-Learning-and-Computer-Vision-for-Business/02-Pytorch and CV/datasets/retail_products//images/train\shampoo (8).jpg,512,512,shampoo,"[193, 208, 395, 285]"
47,C:/Users/Chiqu/Documents/GitHub/Deep-Learning-and-Computer-Vision-for-Business/02-Pytorch and CV/datasets/retail_products//images/train\tissue (8).jpg,512,512,tissue,"[137, 270, 508, 461]"
48,C:/Users/Chiqu/Documents/GitHub/Deep-Learning-and-Computer-Vision-for-Business/02-Pytorch and CV/datasets/retail_products//images/train\aqua (9).jpg,512,512,aqua,"[176, 181, 289, 383]"
49,C:/Users/Chiqu/Documents/GitHub/Deep-Learning-and-Computer-Vision-for-Business/02-Pytorch and CV/datasets/retail_products//images/train\chitato (9).jpg,512,512,chitato,"[78, 205, 374, 387]"
50,C:/Users/Chiqu/Documents/GitHub/Deep-Learning-and-Computer-Vision-for-Business/02-Pytorch and CV/datasets/retail_products//images/train\indomie (9).jpg,512,512,indomie,"[138, 87, 354, 325]"
51,C:/Users/Chiqu/Documents/GitHub/Deep-Learning-and-Computer-Vision-for-Business/02-Pytorch and CV/datasets/retail_products//images/train\pepsodent (9).jpg,512,512,pepsodent,"[101, 216, 400, 312]"
52,C:/Users/Chiqu/Documents/GitHub/Deep-Learning-and-Computer-Vision-for-Business/02-Pytorch and CV/datasets/retail_products//images/train\shampoo (9).jpg,512,512,shampoo,"[182, 190, 256, 385]"
53,C:/Users/Chiqu/Documents/GitHub/Deep-Learning-and-Computer-Vision-for-Business/02-Pytorch and CV/datasets/retail_products//images/train\tissue (9).jpg,512,512,tissue,"[116, 160, 405, 346]"
54,C:/Users/Chiqu/Documents/GitHub/Deep-Learning-and-Computer-Vision-for-Business/02-Pytorch and CV/datasets/retail_products//images/train\aqua (10).jpg,512,512,aqua,"[197, 80, 311, 344]"
55,C:/Users/Chiqu/Documents/GitHub/Deep-Learning-and-Computer-Vision-for-Business/02-Pytorch and CV/datasets/retail_products//images/train\chitato (10).jpg,512,512,chitato,"[146, 159, 323, 353]"
56,C:/Users/Chiqu/Documents/GitHub/Deep-Learning-and-Computer-Vision-for-Business/02-Pytorch and CV/datasets/retail_products//images/train\indomie (10).jpg,512,512,indomie,"[116, 108, 368, 372]"
57,C:/Users/Chiqu/Documents/GitHub/Deep-Learning-and-Computer-Vision-for-Business/02-Pytorch and CV/datasets/retail_products//images/train\pepsodent (10).jpg,512,512,pepsodent,"[128, 161, 356, 393]"
58,C:/Users/Chiqu/Documents/GitHub/Deep-Learning-and-Computer-Vision-for-Business/02-Pytorch and CV/datasets/retail_products//images/train\shampoo (10).jpg,512,512,shampoo,"[208, 301, 418, 470]"
59,C:/Users/Chiqu/Documents/GitHub/Deep-Learning-and-Computer-Vision-for-Business/02-Pytorch and CV/datasets/retail_products//images/train\tissue (10).jpg,512,512,tissue,"[145, 102, 270, 372]"
60,C:/Users/Chiqu/Documents/GitHub/Deep-Learning-and-Computer-Vision-for-Business/02-Pytorch and CV/datasets/retail_products//images/train\aqua (11).jpg,512,512,aqua,"[129, 111, 312, 381]"
61,C:/Users/Chiqu/Documents/GitHub/Deep-Learning-and-Computer-Vision-for-Business/02-Pytorch and CV/datasets/retail_products//images/train\chitato (11).jpg,512,512,chitato,"[114, 137, 291, 357]"
62,C:/Users/Chiqu/Documents/GitHub/Deep-Learning-and-Computer-Vision-for-Business/02-Pytorch and CV/datasets/retail_products//images/train\indomie (11).jpg,512,512,indomie,"[246, 95, 487, 308]"
63,C:/Users/Chiqu/Documents/GitHub/Deep-Learning-and-Computer-Vision-for-Business/02-Pytorch and CV/datasets/retail_products//images/train\pepsodent (11).jpg,512,512,pepsodent,"[77, 192, 362, 382]"
64,C:/Users/Chiqu/Documents/GitHub/Deep-Learning-and-Computer-Vision-for-Business/02-Pytorch and CV/datasets/retail_products//images/train\shampoo (11).jpg,512,512,shampoo,"[63, 107, 149, 292]"
65,C:/Users/Chiqu/Documents/GitHub/Deep-Learning-and-Computer-Vision-for-Business/02-Pytorch and CV/datasets/retail_products//images/train\tissue (11).jpg,512,512,tissue,"[269, 13, 428, 305]"
66,C:/Users/Chiqu/Documents/GitHub/Deep-Learning-and-Computer-Vision-for-Business/02-Pytorch and CV/datasets/retail_products//images/train\aqua (12).jpg,512,512,aqua,"[32, 34, 228, 327]"
67,C:/Users/Chiqu/Documents/GitHub/Deep-Learning-and-Computer-Vision-for-Business/02-Pytorch and CV/datasets/retail_products//images/train\chitato (12).jpg,512,512,chitato,"[128, 185, 362, 381]"
68,C:/Users/Chiqu/Documents/GitHub/Deep-Learning-and-Computer-Vision-for-Business/02-Pytorch and CV/datasets/retail_products//images/train\indomie (12).jpg,512,512,indomie,"[130, 152, 330, 357]"
69,C:/Users/Chiqu/Documents/GitHub/Deep-Learning-and-Computer-Vision-for-Business/02-Pytorch and CV/datasets/retail_products//images/train\pepsodent (12).jpg,512,512,pepsodent,"[100, 219, 395, 329]"
70,C:/Users/Chiqu/Documents/GitHub/Deep-Learning-and-Computer-Vision-for-Business/02-Pytorch and CV/datasets/retail_products//images/train\shampoo (12).jpg,512,512,shampoo,"[33, 266, 129, 500]"
71,C:/Users/Chiqu/Documents/GitHub/Deep-Learning-and-Computer-Vision-for-Business/02-Pytorch and CV/datasets/retail_products//images/train\tissue (12).jpg,512,512,tissue,"[82, 107, 338, 302]"
72,C:/Users/Chiqu/Documents/GitHub/Deep-Learning-and-Computer-Vision-for-Business/02-Pytorch and CV/datasets/retail_products//images/train\aqua (13).jpg,512,512,aqua,"[77, 124, 450, 231]"
73,C:/Users/Chiqu/Documents/GitHub/Deep-Learning-and-Computer-Vision-for-Business/02-Pytorch and CV/datasets/retail_products//images/train\chitato (13).jpg,512,512,chitato,"[67, 179, 333, 328]"
74,C:/Users/Chiqu/Documents/GitHub/Deep-Learning-and-Computer-Vision-for-Business/02-Pytorch and CV/datasets/retail_products//images/train\indomie (13).jpg,512,512,indomie,"[6, 225, 241, 454]"
75,C:/Users/Chiqu/Documents/GitHub/Deep-Learning-and-Computer-Vision-for-Business/02-Pytorch and CV/datasets/retail_products//images/train\pepsodent (13).jpg,512,512,pepsodent,"[68, 200, 438, 298]"
76,C:/Users/Chiqu/Documents/GitHub/Deep-Learning-and-Computer-Vision-for-Business/02-Pytorch and CV/datasets/retail_products//images/train\shampoo (13).jpg,512,512,shampoo,"[384, 27, 508, 208]"
77,C:/Users/Chiqu/Documents/GitHub/Deep-Learning-and-Computer-Vision-for-Business/02-Pytorch and CV/datasets/retail_products//images/train\tissue (13).jpg,512,512,tissue,"[75, 166, 388, 348]"
78,C:/Users/Chiqu/Documents/GitHub/Deep-Learning-and-Computer-Vision-for-Business/02-Pytorch and CV/datasets/retail_products//images/train\aqua (14).jpg,512,512,aqua,"[249, 39, 512, 318]"
79,C:/Users/Chiqu/Documents/GitHub/Deep-Learning-and-Computer-Vision-for-Business/02-Pytorch and CV/datasets/retail_products//images/train\chitato (14).jpg,512,512,chitato,"[140, 187, 336, 396]"
80,C:/Users/Chiqu/Documents/GitHub/Deep-Learning-and-Computer-Vision-for-Business/02-Pytorch and CV/datasets/retail_products//images/train\indomie (14).jpg,512,512,indomie,"[79, 115, 426, 381]"
81,C:/Users/Chiqu/Documents/GitHub/Deep-Learning-and-Computer-Vision-for-Business/02-Pytorch and CV/datasets/retail_products//images/train\pepsodent (14).jpg,512,512,pepsodent,"[70, 182, 443, 283]"
82,C:/Users/Chiqu/Documents/GitHub/Deep-Learning-and-Computer-Vision-for-Business/02-Pytorch and CV/datasets/retail_products//images/train\shampoo (14).jpg,512,512,shampoo,"[183, 117, 316, 476]"
83,C:/Users/Chiqu/Documents/GitHub/Deep-Learning-and-Computer-Vision-for-Business/02-Pytorch and CV/datasets/retail_products//images/train\tissue (14).jpg,512,512,tissue,"[76, 178, 417, 379]"
84,C:/Users/Chiqu/Documents/GitHub/Deep-Learning-and-Computer-Vision-for-Business/02-Pytorch and CV/datasets/retail_products//images/train\aqua (15).jpg,512,512,aqua,"[203, 105, 502, 245]"
85,C:/Users/Chiqu/Documents/GitHub/Deep-Learning-and-Computer-Vision-for-Business/02-Pytorch and CV/datasets/retail_products//images/train\chitato (15).jpg,512,512,chitato,"[147, 63, 333, 459]"
86,C:/Users/Chiqu/Documents/GitHub/Deep-Learning-and-Computer-Vision-for-Business/02-Pytorch and CV/datasets/retail_products//images/train\indomie (15).jpg,512,512,indomie,"[97, 127, 435, 324]"
87,C:/Users/Chiqu/Documents/GitHub/Deep-Learning-and-Computer-Vision-for-Business/02-Pytorch and CV/datasets/retail_products//images/train\pepsodent (15).jpg,512,512,pepsodent,"[79, 192, 448, 284]"
88,C:/Users/Chiqu/Documents/GitHub/Deep-Learning-and-Computer-Vision-for-Business/02-Pytorch and CV/datasets/retail_products//images/train\shampoo (15).jpg,512,512,shampoo,"[201, 105, 292, 411]"
89,C:/Users/Chiqu/Documents/GitHub/Deep-Learning-and-Computer-Vision-for-Business/02-Pytorch and CV/datasets/retail_products//images/train\tissue (15).jpg,512,512,tissue,"[110, 196, 419, 361]"
90,C:/Users/Chiqu/Documents/GitHub/Deep-Learning-and-Computer-Vision-for-Business/02-Pytorch and CV/datasets/retail_products//images/train\aqua (16).jpg,512,512,aqua,"[310, 101, 460, 371]"
91,C:/Users/Chiqu/Documents/GitHub/Deep-Learning-and-Computer-Vision-for-Business/02-Pytorch and CV/datasets/retail_products//images/train\chitato (16).jpg,512,512,chitato,"[163, 107, 346, 447]"
92,C:/Users/Chiqu/Documents/GitHub/Deep-Learning-and-Computer-Vision-for-Business/02-Pytorch and CV/datasets/retail_products//images/train\indomie (16).jpg,512,512,indomie,"[106, 190, 406, 376]"
93,C:/Users/Chiqu/Documents/GitHub/Deep-Learning-and-Computer-Vision-for-Business/02-Pytorch and CV/datasets/retail_products//images/train\pepsodent (16).jpg,512,512,pepsodent,"[168, 65, 313, 333]"
94,C:/Users/Chiqu/Documents/GitHub/Deep-Learning-and-Computer-Vision-for-Business/02-Pytorch and CV/datasets/retail_products//images/train\shampoo (16).jpg,512,512,shampoo,"[139, 117, 257, 427]"
95,C:/Users/Chiqu/Documents/GitHub/Deep-Learning-and-Computer-Vision-for-Business/02-Pytorch and CV/datasets/retail_products//images/train\tissue (16).jpg,512,512,tissue,"[165, 144, 331, 359]"
96,C:/Users/Chiqu/Documents/GitHub/Deep-Learning-and-Computer-Vision-for-Business/02-Pytorch and CV/datasets/retail_products//images/train\aqua (17).jpg,512,512,aqua,"[113, 67, 254, 347]"
97,C:/Users/Chiqu/Documents/GitHub/Deep-Learning-and-Computer-Vision-for-Business/02-Pytorch and CV/datasets/retail_products//images/train\chitato (17).jpg,512,512,chitato,"[141, 145, 363, 433]"
98,C:/Users/Chiqu/Documents/GitHub/Deep-Learning-and-Computer-Vision-for-Business/02-Pytorch and CV/datasets/retail_products//images/train\indomie (17).jpg,512,512,indomie,"[166, 171, 373, 352]"
99,C:/Users/Chiqu/Documents/GitHub/Deep-Learning-and-Computer-Vision-for-Business/02-Pytorch and CV/datasets/retail_products//images/train\pepsodent (17).jpg,512,512,pepsodent,"[171, 43, 323, 335]"
100,C:/Users/Chiqu/Documents/GitHub/Deep-Learning-and-Computer-Vision-for-Business/02-Pytorch and CV/datasets/retail_products//images/train\shampoo (17).jpg,512,512,shampoo,"[235, 135, 309, 415]"
101,C:/Users/Chiqu/Documents/GitHub/Deep-Learning-and-Computer-Vision-for-Business/02-Pytorch and CV/datasets/retail_products//images/train\tissue (17).jpg,512,512,tissue,"[171, 168, 365, 390]"
102,C:/Users/Chiqu/Documents/GitHub/Deep-Learning-and-Computer-Vision-for-Business/02-Pytorch and CV/datasets/retail_products//images/train\aqua (18).jpg,512,512,aqua,"[107, 1, 347, 488]"
103,C:/Users/Chiqu/Documents/GitHub/Deep-Learning-and-Computer-Vision-for-Business/02-Pytorch and CV/datasets/retail_products//images/train\chitato (18).jpg,512,512,chitato,"[89, 196, 387, 390]"
104,C:/Users/Chiqu/Documents/GitHub/Deep-Learning-and-Computer-Vision-for-Business/02-Pytorch and CV/datasets/retail_products//images/train\indomie (18).jpg,512,512,indomie,"[97, 152, 400, 400]"
105,C:/Users/Chiqu/Documents/GitHub/Deep-Learning-and-Computer-Vision-for-Business/02-Pytorch and CV/datasets/retail_products//images/train\pepsodent (18).jpg,512,512,pepsodent,"[90, 219, 418, 299]"
106,C:/Users/Chiqu/Documents/GitHub/Deep-Learning-and-Computer-Vision-for-Business/02-Pytorch and CV/datasets/retail_products//images/train\shampoo (18).jpg,512,512,shampoo,"[154, 74, 258, 402]"
107,C:/Users/Chiqu/Documents/GitHub/Deep-Learning-and-Computer-Vision-for-Business/02-Pytorch and CV/datasets/retail_products//images/train\tissue (18).jpg,512,512,tissue,"[94, 175, 437, 368]"
108,C:/Users/Chiqu/Documents/GitHub/Deep-Learning-and-Computer-Vision-for-Business/02-Pytorch and CV/datasets/retail_products//images/train\aqua (19).jpg,512,512,aqua,"[172, 10, 294, 482]"
109,C:/Users/Chiqu/Documents/GitHub/Deep-Learning-and-Computer-Vision-for-Business/02-Pytorch and CV/datasets/retail_products//images/train\chitato (19).jpg,512,512,chitato,"[104, 134, 398, 319]"
110,C:/Users/Chiqu/Documents/GitHub/Deep-Learning-and-Computer-Vision-for-Business/02-Pytorch and CV/datasets/retail_products//images/train\indomie (19).jpg,512,512,indomie,"[112, 168, 395, 359]"
111,C:/Users/Chiqu/Documents/GitHub/Deep-Learning-and-Computer-Vision-for-Business/02-Pytorch and CV/datasets/retail_products//images/train\pepsodent (19).jpg,512,512,pepsodent,"[84, 239, 440, 337]"
112,C:/Users/Chiqu/Documents/GitHub/Deep-Learning-and-Computer-Vision-for-Business/02-Pytorch and CV/datasets/retail_products//images/train\shampoo (19).jpg,512,512,shampoo,"[200, 187, 349, 439]"
113,C:/Users/Chiqu/Documents/GitHub/Deep-Learning-and-Computer-Vision-for-Business/02-Pytorch and CV/datasets/retail_products//images/train\tissue (19).jpg,512,512,tissue,"[107, 202, 420, 371]"
114,C:/Users/Chiqu/Documents/GitHub/Deep-Learning-and-Computer-Vision-for-Business/02-Pytorch and CV/datasets/retail_products//images/train\aqua (20).jpg,512,512,aqua,"[175, 30, 349, 343]"
115,C:/Users/Chiqu/Documents/GitHub/Deep-Learning-and-Computer-Vision-for-Business/02-Pytorch and CV/datasets/retail_products//images/train\chitato (20).jpg,512,512,chitato,"[170, 0, 480, 330]"
116,C:/Users/Chiqu/Documents/GitHub/Deep-Learning-and-Computer-Vision-for-Business/02-Pytorch and CV/datasets/retail_products//images/train\indomie (20).jpg,512,512,indomie,"[143, 150, 365, 319]"
117,C:/Users/Chiqu/Documents/GitHub/Deep-Learning-and-Computer-Vision-for-Business/02-Pytorch and CV/datasets/retail_products//images/train\pepsodent (20).jpg,512,512,pepsodent,"[207, 108, 304, 442]"
118,C:/Users/Chiqu/Documents/GitHub/Deep-Learning-and-Computer-Vision-for-Business/02-Pytorch and CV/datasets/retail_products//images/train\shampoo (20).jpg,512,512,shampoo,"[198, 196, 350, 473]"
119,C:/Users/Chiqu/Documents/GitHub/Deep-Learning-and-Computer-Vision-for-Business/02-Pytorch and CV/datasets/retail_products//images/train\tissue (20).jpg,512,512,tissue,"[161, 174, 383, 414]"
120,C:/Users/Chiqu/Documents/GitHub/Deep-Learning-and-Computer-Vision-for-Business/02-Pytorch and CV/datasets/retail_products//images/train\aqua (21).jpg,512,512,aqua,"[189, 49, 318, 479]"
121,C:/Users/Chiqu/Documents/GitHub/Deep-Learning-and-Computer-Vision-for-Business/02-Pytorch and CV/datasets/retail_products//images/train\chitato (21).jpg,512,512,chitato,"[0, 14, 350, 285]"
122,C:/Users/Chiqu/Documents/GitHub/Deep-Learning-and-Computer-Vision-for-Business/02-Pytorch and CV/datasets/retail_products//images/train\indomie (21).jpg,512,512,indomie,"[153, 215, 364, 362]"
123,C:/Users/Chiqu/Documents/GitHub/Deep-Learning-and-Computer-Vision-for-Business/02-Pytorch and CV/datasets/retail_products//images/train\pepsodent (21).jpg,512,512,pepsodent,"[209, 160, 289, 387]"
124,C:/Users/Chiqu/Documents/GitHub/Deep-Learning-and-Computer-Vision-for-Business/02-Pytorch and CV/datasets/retail_products//images/train\shampoo (21).jpg,512,512,shampoo,"[209, 230, 354, 478]"
125,C:/Users/Chiqu/Documents/GitHub/Deep-Learning-and-Computer-Vision-for-Business/02-Pytorch and CV/datasets/retail_products//images/train\tissue (21).jpg,512,512,tissue,"[74, 176, 455, 371]"
126,C:/Users/Chiqu/Documents/GitHub/Deep-Learning-and-Computer-Vision-for-Business/02-Pytorch and CV/datasets/retail_products//images/train\aqua (22).jpg,512,512,aqua,"[158, 39, 304, 463]"
127,C:/Users/Chiqu/Documents/GitHub/Deep-Learning-and-Computer-Vision-for-Business/02-Pytorch and CV/datasets/retail_products//images/train\chitato (22).jpg,512,512,chitato,"[50, 27, 430, 400]"
128,C:/Users/Chiqu/Documents/GitHub/Deep-Learning-and-Computer-Vision-for-Business/02-Pytorch and CV/datasets/retail_products//images/train\indomie (22).jpg,512,512,indomie,"[133, 124, 388, 335]"
129,C:/Users/Chiqu/Documents/GitHub/Deep-Learning-and-Computer-Vision-for-Business/02-Pytorch and CV/datasets/retail_products//images/train\pepsodent (22).jpg,512,512,pepsodent,"[196, 128, 287, 384]"
130,C:/Users/Chiqu/Documents/GitHub/Deep-Learning-and-Computer-Vision-for-Business/02-Pytorch and CV/datasets/retail_products//images/train\shampoo (22).jpg,512,512,shampoo,"[181, 154, 282, 371]"
131,C:/Users/Chiqu/Documents/GitHub/Deep-Learning-and-Computer-Vision-for-Business/02-Pytorch and CV/datasets/retail_products//images/train\tissue (22).jpg,512,512,tissue,"[68, 174, 449, 354]"
132,C:/Users/Chiqu/Documents/GitHub/Deep-Learning-and-Computer-Vision-for-Business/02-Pytorch and CV/datasets/retail_products//images/train\aqua (23).jpg,512,512,aqua,"[299, 106, 401, 461]"
133,C:/Users/Chiqu/Documents/GitHub/Deep-Learning-and-Computer-Vision-for-Business/02-Pytorch and CV/datasets/retail_products//images/train\chitato (23).jpg,512,512,chitato,"[107, 122, 465, 386]"
134,C:/Users/Chiqu/Documents/GitHub/Deep-Learning-and-Computer-Vision-for-Business/02-Pytorch and CV/datasets/retail_products//images/train\indomie (23).jpg,512,512,indomie,"[147, 87, 368, 311]"
135,C:/Users/Chiqu/Documents/GitHub/Deep-Learning-and-Computer-Vision-for-Business/02-Pytorch and CV/datasets/retail_products//images/train\pepsodent (23).jpg,512,512,pepsodent,"[85, 244, 394, 335]"
136,C:/Users/Chiqu/Documents/GitHub/Deep-Learning-and-Computer-Vision-for-Business/02-Pytorch and CV/datasets/retail_products//images/train\shampoo (23).jpg,512,512,shampoo,"[193, 133, 292, 374]"
137,C:/Users/Chiqu/Documents/GitHub/Deep-Learning-and-Computer-Vision-for-Business/02-Pytorch and CV/datasets/retail_products//images/train\tissue (23).jpg,512,512,tissue,"[70, 57, 450, 416]"
138,C:/Users/Chiqu/Documents/GitHub/Deep-Learning-and-Computer-Vision-for-Business/02-Pytorch and CV/datasets/retail_products//images/train\aqua (24).jpg,512,512,aqua,"[214, 236, 317, 487]"
139,C:/Users/Chiqu/Documents/GitHub/Deep-Learning-and-Computer-Vision-for-Business/02-Pytorch and CV/datasets/retail_products//images/train\chitato (24).jpg,512,512,chitato,"[107, 140, 423, 405]"
140,C:/Users/Chiqu/Documents/GitHub/Deep-Learning-and-Computer-Vision-for-Business/02-Pytorch and CV/datasets/retail_products//images/train\indomie (24).jpg,512,512,indomie,"[103, 65, 392, 360]"
141,C:/Users/Chiqu/Documents/GitHub/Deep-Learning-and-Computer-Vision-for-Business/02-Pytorch and CV/datasets/retail_products//images/train\pepsodent (24).jpg,512,512,pepsodent,"[201, 159, 282, 398]"
142,C:/Users/Chiqu/Documents/GitHub/Deep-Learning-and-Computer-Vision-for-Business/02-Pytorch and CV/datasets/retail_products//images/train\shampoo (24).jpg,512,512,shampoo,"[106, 204, 400, 311]"
143,C:/Users/Chiqu/Documents/GitHub/Deep-Learning-and-Computer-Vision-for-Business/02-Pytorch and CV/datasets/retail_products//images/train\tissue (24).jpg,512,512,tissue,"[84, 120, 423, 346]"
144,C:/Users/Chiqu/Documents/GitHub/Deep-Learning-and-Computer-Vision-for-Business/02-Pytorch and CV/datasets/retail_products//images/train\aqua (25).jpg,512,512,aqua,"[187, 184, 305, 481]"
145,C:/Users/Chiqu/Documents/GitHub/Deep-Learning-and-Computer-Vision-for-Business/02-Pytorch and CV/datasets/retail_products//images/train\chitato (25).jpg,512,512,chitato,"[129, 159, 421, 397]"
146,C:/Users/Chiqu/Documents/GitHub/Deep-Learning-and-Computer-Vision-for-Business/02-Pytorch and CV/datasets/retail_products//images/train\indomie (25).jpg,512,512,indomie,"[104, 109, 342, 315]"
147,C:/Users/Chiqu/Documents/GitHub/Deep-Learning-and-Computer-Vision-for-Business/02-Pytorch and CV/datasets/retail_products//images/train\pepsodent (25).jpg,512,512,pepsodent,"[217, 163, 295, 392]"
148,C:/Users/Chiqu/Documents/GitHub/Deep-Learning-and-Computer-Vision-for-Business/02-Pytorch and CV/datasets/retail_products//images/train\shampoo (25).jpg,512,512,shampoo,"[138, 176, 391, 273]"
149,C:/Users/Chiqu/Documents/GitHub/Deep-Learning-and-Computer-Vision-for-Business/02-Pytorch and CV/datasets/retail_products//images/train\tissue (25).jpg,512,512,tissue,"[65, 111, 468, 336]"
150,C:/Users/Chiqu/Documents/GitHub/Deep-Learning-and-Computer-Vision-for-Business/02-Pytorch and CV/datasets/retail_products//images/train\aqua (26).jpg,512,512,aqua,"[221, 159, 318, 388]"
151,C:/Users/Chiqu/Documents/GitHub/Deep-Learning-and-Computer-Vision-for-Business/02-Pytorch and CV/datasets/retail_products//images/train\chitato (26).jpg,512,512,chitato,"[116, 180, 394, 334]"
152,C:/Users/Chiqu/Documents/GitHub/Deep-Learning-and-Computer-Vision-for-Business/02-Pytorch and CV/datasets/retail_products//images/train\indomie (26).jpg,512,512,indomie,"[106, 130, 332, 360]"
153,C:/Users/Chiqu/Documents/GitHub/Deep-Learning-and-Computer-Vision-for-Business/02-Pytorch and CV/datasets/retail_products//images/train\pepsodent (26).jpg,512,512,pepsodent,"[91, 103, 414, 379]"
154,C:/Users/Chiqu/Documents/GitHub/Deep-Learning-and-Computer-Vision-for-Business/02-Pytorch and CV/datasets/retail_products//images/train\shampoo (26).jpg,512,512,shampoo,"[130, 24, 288, 344]"
155,C:/Users/Chiqu/Documents/GitHub/Deep-Learning-and-Computer-Vision-for-Business/02-Pytorch and CV/datasets/retail_products//images/train\tissue (26).jpg,512,512,tissue,"[146, 64, 347, 393]"
156,C:/Users/Chiqu/Documents/GitHub/Deep-Learning-and-Computer-Vision-for-Business/02-Pytorch and CV/datasets/retail_products//images/train\aqua (27).jpg,512,512,aqua,"[191, 219, 293, 397]"
157,C:/Users/Chiqu/Documents/GitHub/Deep-Learning-and-Computer-Vision-for-Business/02-Pytorch and CV/datasets/retail_products//images/train\chitato (27).jpg,512,512,chitato,"[97, 185, 433, 365]"
158,C:/Users/Chiqu/Documents/GitHub/Deep-Learning-and-Computer-Vision-for-Business/02-Pytorch and CV/datasets/retail_products//images/train\indomie (27).jpg,512,512,indomie,"[166, 165, 305, 365]"
159,C:/Users/Chiqu/Documents/GitHub/Deep-Learning-and-Computer-Vision-for-Business/02-Pytorch and CV/datasets/retail_products//images/train\pepsodent (27).jpg,512,512,pepsodent,"[66, 215, 364, 311]"
160,C:/Users/Chiqu/Documents/GitHub/Deep-Learning-and-Computer-Vision-for-Business/02-Pytorch and CV/datasets/retail_products//images/train\shampoo (27).jpg,512,512,shampoo,"[177, 105, 273, 376]"
161,C:/Users/Chiqu/Documents/GitHub/Deep-Learning-and-Computer-Vision-for-Business/02-Pytorch and CV/datasets/retail_products//images/train\tissue (27).jpg,512,512,tissue,"[124, 56, 358, 351]"
162,C:/Users/Chiqu/Documents/GitHub/Deep-Learning-and-Computer-Vision-for-Business/02-Pytorch and CV/datasets/retail_products//images/train\aqua (28).jpg,512,512,aqua,"[186, 90, 329, 466]"
163,C:/Users/Chiqu/Documents/GitHub/Deep-Learning-and-Computer-Vision-for-Business/02-Pytorch and CV/datasets/retail_products//images/train\chitato (28).jpg,512,512,chitato,"[154, 208, 404, 406]"
164,C:/Users/Chiqu/Documents/GitHub/Deep-Learning-and-Computer-Vision-for-Business/02-Pytorch and CV/datasets/retail_products//images/train\indomie (28).jpg,512,512,indomie,"[160, 121, 349, 373]"
165,C:/Users/Chiqu/Documents/GitHub/Deep-Learning-and-Computer-Vision-for-Business/02-Pytorch and CV/datasets/retail_products//images/train\pepsodent (28).jpg,512,512,pepsodent,"[210, 24, 309, 409]"
166,C:/Users/Chiqu/Documents/GitHub/Deep-Learning-and-Computer-Vision-for-Business/02-Pytorch and CV/datasets/retail_products//images/train\shampoo (28).jpg,512,512,shampoo,"[182, 41, 257, 337]"
167,C:/Users/Chiqu/Documents/GitHub/Deep-Learning-and-Computer-Vision-for-Business/02-Pytorch and CV/datasets/retail_products//images/train\tissue (28).jpg,512,512,tissue,"[116, 72, 361, 366]"
168,C:/Users/Chiqu/Documents/GitHub/Deep-Learning-and-Computer-Vision-for-Business/02-Pytorch and CV/datasets/retail_products//images/train\aqua (29).jpg,512,512,aqua,"[184, 139, 382, 478]"
169,C:/Users/Chiqu/Documents/GitHub/Deep-Learning-and-Computer-Vision-for-Business/02-Pytorch and CV/datasets/retail_products//images/train\chitato (29).jpg,512,512,chitato,"[129, 173, 408, 397]"
170,C:/Users/Chiqu/Documents/GitHub/Deep-Learning-and-Computer-Vision-for-Business/02-Pytorch and CV/datasets/retail_products//images/train\indomie (29).jpg,512,512,indomie,"[166, 190, 366, 433]"
171,C:/Users/Chiqu/Documents/GitHub/Deep-Learning-and-Computer-Vision-for-Business/02-Pytorch and CV/datasets/retail_products//images/train\pepsodent (29).jpg,512,512,pepsodent,"[184, 50, 286, 392]"
172,C:/Users/Chiqu/Documents/GitHub/Deep-Learning-and-Computer-Vision-for-Business/02-Pytorch and CV/datasets/retail_products//images/train\shampoo (29).jpg,512,512,shampoo,"[230, 107, 300, 383]"
173,C:/Users/Chiqu/Documents/GitHub/Deep-Learning-and-Computer-Vision-for-Business/02-Pytorch and CV/datasets/retail_products//images/train\tissue (29).jpg,512,512,tissue,"[131, 98, 410, 348]"
174,C:/Users/Chiqu/Documents/GitHub/Deep-Learning-and-Computer-Vision-for-Business/02-Pytorch and CV/datasets/retail_products//images/train\aqua (30).jpg,512,512,aqua,"[181, 36, 340, 484]"
175,C:/Users/Chiqu/Documents/GitHub/Deep-Learning-and-Computer-Vision-for-Business/02-Pytorch and CV/datasets/retail_products//images/train\chitato (30).jpg,512,512,chitato,"[124, 179, 429, 352]"
176,C:/Users/Chiqu/Documents/GitHub/Deep-Learning-and-Computer-Vision-for-Business/02-Pytorch and CV/datasets/retail_products//images/train\indomie (30).jpg,512,512,indomie,"[173, 112, 408, 418]"
177,C:/Users/Chiqu/Documents/GitHub/Deep-Learning-and-Computer-Vision-for-Business/02-Pytorch and CV/datasets/retail_products//images/train\pepsodent (30).jpg,512,512,pepsodent,"[173, 132, 291, 441]"
178,C:/Users/Chiqu/Documents/GitHub/Deep-Learning-and-Computer-Vision-for-Business/02-Pytorch and CV/datasets/retail_products//images/train\shampoo (30).jpg,512,512,shampoo,"[148, 54, 310, 497]"
179,C:/Users/Chiqu/Documents/GitHub/Deep-Learning-and-Computer-Vision-for-Business/02-Pytorch and CV/datasets/retail_products//images/train\tissue (30).jpg,512,512,tissue,"[204, 99, 367, 430]"
180,C:/Users/Chiqu/Documents/GitHub/Deep-Learning-and-Computer-Vision-for-Business/02-Pytorch and CV/datasets/retail_products//images/train\aqua (31).jpg,512,512,aqua,"[211, 159, 318, 343]"
181,C:/Users/Chiqu/Documents/GitHub/Deep-Learning-and-Computer-Vision-for-Business/02-Pytorch and CV/datasets/retail_products//images/train\chitato (31).jpg,512,512,chitato,"[105, 88, 382, 431]"
182,C:/Users/Chiqu/Documents/GitHub/Deep-Learning-and-Computer-Vision-for-Business/02-Pytorch and CV/datasets/retail_products//images/train\indomie (31).jpg,512,512,indomie,"[146, 223, 327, 349]"
183,C:/Users/Chiqu/Documents/GitHub/Deep-Learning-and-Computer-Vision-for-Business/02-Pytorch and CV/datasets/retail_products//images/train\pepsodent (31).jpg,512,512,pepsodent,"[103, 203, 387, 287]"
184,C:/Users/Chiqu/Documents/GitHub/Deep-Learning-and-Computer-Vision-for-Business/02-Pytorch and CV/datasets/retail_products//images/train\shampoo (31).jpg,512,512,shampoo,"[132, 299, 302, 414]"
185,C:/Users/Chiqu/Documents/GitHub/Deep-Learning-and-Computer-Vision-for-Business/02-Pytorch and CV/datasets/retail_products//images/train\tissue (31).jpg,512,512,tissue,"[67, 155, 472, 364]"
186,C:/Users/Chiqu/Documents/GitHub/Deep-Learning-and-Computer-Vision-for-Business/02-Pytorch and CV/datasets/retail_products//images/train\aqua (32).jpg,512,512,aqua,"[215, 79, 363, 476]"
187,C:/Users/Chiqu/Documents/GitHub/Deep-Learning-and-Computer-Vision-for-Business/02-Pytorch and CV/datasets/retail_products//images/train\chitato (32).jpg,512,512,chitato,"[117, 96, 370, 414]"
188,C:/Users/Chiqu/Documents/GitHub/Deep-Learning-and-Computer-Vision-for-Business/02-Pytorch and CV/datasets/retail_products//images/train\indomie (32).jpg,512,512,indomie,"[123, 179, 306, 317]"
189,C:/Users/Chiqu/Documents/GitHub/Deep-Learning-and-Computer-Vision-for-Business/02-Pytorch and CV/datasets/retail_products//images/train\pepsodent (32).jpg,512,512,pepsodent,"[92, 218, 346, 302]"
190,C:/Users/Chiqu/Documents/GitHub/Deep-Learning-and-Computer-Vision-for-Business/02-Pytorch and CV/datasets/retail_products//images/train\shampoo (32).jpg,512,512,shampoo,"[200, 38, 291, 484]"
191,C:/Users/Chiqu/Documents/GitHub/Deep-Learning-and-Computer-Vision-for-Business/02-Pytorch and CV/datasets/retail_products//images/train\tissue (32).jpg,512,512,tissue,"[86, 180, 439, 329]"
192,C:/Users/Chiqu/Documents/GitHub/Deep-Learning-and-Computer-Vision-for-Business/02-Pytorch and CV/datasets/retail_products//images/train\aqua (33).jpg,512,512,aqua,"[170, 53, 327, 447]"
193,C:/Users/Chiqu/Documents/GitHub/Deep-Learning-and-Computer-Vision-for-Business/02-Pytorch and CV/datasets/retail_products//images/train\chitato (33).jpg,512,512,chitato,"[110, 74, 394, 413]"
194,C:/Users/Chiqu/Documents/GitHub/Deep-Learning-and-Computer-Vision-for-Business/02-Pytorch and CV/datasets/retail_products//images/train\indomie (33).jpg,512,512,indomie,"[131, 171, 359, 366]"
195,C:/Users/Chiqu/Documents/GitHub/Deep-Learning-and-Computer-Vision-for-Business/02-Pytorch and CV/datasets/retail_products//images/train\pepsodent (33).jpg,512,512,pepsodent,"[181, 144, 260, 360]"
196,C:/Users/Chiqu/Documents/GitHub/Deep-Learning-and-Computer-Vision-for-Business/02-Pytorch and CV/datasets/retail_products//images/train\shampoo (33).jpg,512,512,shampoo,"[214, 84, 289, 452]"
197,C:/Users/Chiqu/Documents/GitHub/Deep-Learning-and-Computer-Vision-for-Business/02-Pytorch and CV/datasets/retail_products//images/train\tissue (33).jpg,512,512,tissue,"[100, 169, 456, 342]"
198,C:/Users/Chiqu/Documents/GitHub/Deep-Learning-and-Computer-Vision-for-Business/02-Pytorch and CV/datasets/retail_products//images/train\aqua (34).jpg,512,512,aqua,"[235, 133, 364, 375]"
199,C:/Users/Chiqu/Documents/GitHub/Deep-Learning-and-Computer-Vision-for-Business/02-Pytorch and CV/datasets/retail_products//images/train\chitato (34).jpg,512,512,chitato,"[108, 112, 368, 387]"
200,C:/Users/Chiqu/Documents/GitHub/Deep-Learning-and-Computer-Vision-for-Business/02-Pytorch and CV/datasets/retail_products//images/train\indomie (34).jpg,512,512,indomie,"[126, 205, 354, 366]"
201,C:/Users/Chiqu/Documents/GitHub/Deep-Learning-and-Computer-Vision-for-Business/02-Pytorch and CV/datasets/retail_products//images/train\pepsodent (34).jpg,512,512,pepsodent,"[62, 195, 330, 273]"
202,C:/Users/Chiqu/Documents/GitHub/Deep-Learning-and-Computer-Vision-for-Business/02-Pytorch and CV/datasets/retail_products//images/train\shampoo (34).jpg,512,512,shampoo,"[206, 72, 293, 458]"
203,C:/Users/Chiqu/Documents/GitHub/Deep-Learning-and-Computer-Vision-for-Business/02-Pytorch and CV/datasets/retail_products//images/train\tissue (34).jpg,512,512,tissue,"[109, 165, 447, 358]"
204,C:/Users/Chiqu/Documents/GitHub/Deep-Learning-and-Computer-Vision-for-Business/02-Pytorch and CV/datasets/retail_products//images/train\aqua (35).jpg,512,512,aqua,"[218, 159, 387, 297]"
205,C:/Users/Chiqu/Documents/GitHub/Deep-Learning-and-Computer-Vision-for-Business/02-Pytorch and CV/datasets/retail_products//images/train\chitato (35).jpg,512,512,chitato,"[181, 108, 337, 317]"
206,C:/Users/Chiqu/Documents/GitHub/Deep-Learning-and-Computer-Vision-for-Business/02-Pytorch and CV/datasets/retail_products//images/train\indomie (35).jpg,512,512,indomie,"[73, 203, 370, 444]"
207,C:/Users/Chiqu/Documents/GitHub/Deep-Learning-and-Computer-Vision-for-Business/02-Pytorch and CV/datasets/retail_products//images/train\pepsodent (35).jpg,512,512,pepsodent,"[214, 165, 335, 299]"
208,C:/Users/Chiqu/Documents/GitHub/Deep-Learning-and-Computer-Vision-for-Business/02-Pytorch and CV/datasets/retail_products//images/train\shampoo (35).jpg,512,512,shampoo,"[208, 214, 290, 353]"
209,C:/Users/Chiqu/Documents/GitHub/Deep-Learning-and-Computer-Vision-for-Business/02-Pytorch and CV/datasets/retail_products//images/train\tissue (35).jpg,512,512,tissue,"[150, 101, 340, 438]"
210,C:/Users/Chiqu/Documents/GitHub/Deep-Learning-and-Computer-Vision-for-Business/02-Pytorch and CV/datasets/retail_products//images/train\aqua (36).jpg,512,512,aqua,"[236, 152, 368, 283]"
211,C:/Users/Chiqu/Documents/GitHub/Deep-Learning-and-Computer-Vision-for-Business/02-Pytorch and CV/datasets/retail_products//images/train\chitato (36).jpg,512,512,chitato,"[77, 5, 378, 380]"
212,C:/Users/Chiqu/Documents/GitHub/Deep-Learning-and-Computer-Vision-for-Business/02-Pytorch and CV/datasets/retail_products//images/train\indomie (36).jpg,512,512,indomie,"[172, 124, 312, 413]"
213,C:/Users/Chiqu/Documents/GitHub/Deep-Learning-and-Computer-Vision-for-Business/02-Pytorch and CV/datasets/retail_products//images/train\pepsodent (36).jpg,512,512,pepsodent,"[170, 195, 331, 346]"
214,C:/Users/Chiqu/Documents/GitHub/Deep-Learning-and-Computer-Vision-for-Business/02-Pytorch and CV/datasets/retail_products//images/train\shampoo (36).jpg,512,512,shampoo,"[208, 228, 315, 406]"
215,C:/Users/Chiqu/Documents/GitHub/Deep-Learning-and-Computer-Vision-for-Business/02-Pytorch and CV/datasets/retail_products//images/train\tissue (36).jpg,512,512,tissue,"[83, 152, 348, 315]"
216,C:/Users/Chiqu/Documents/GitHub/Deep-Learning-and-Computer-Vision-for-Business/02-Pytorch and CV/datasets/retail_products//images/train\aqua (37).jpg,512,512,aqua,"[180, 52, 324, 504]"
217,C:/Users/Chiqu/Documents/GitHub/Deep-Learning-and-Computer-Vision-for-Business/02-Pytorch and CV/datasets/retail_products//images/train\chitato (37).jpg,512,512,chitato,"[168, 52, 329, 464]"
218,C:/Users/Chiqu/Documents/GitHub/Deep-Learning-and-Computer-Vision-for-Business/02-Pytorch and CV/datasets/retail_products//images/train\indomie (37).jpg,512,512,indomie,"[80, 168, 384, 412]"
219,C:/Users/Chiqu/Documents/GitHub/Deep-Learning-and-Computer-Vision-for-Business/02-Pytorch and CV/datasets/retail_products//images/train\pepsodent (37).jpg,512,512,pepsodent,"[130, 154, 324, 383]"
220,C:/Users/Chiqu/Documents/GitHub/Deep-Learning-and-Computer-Vision-for-Business/02-Pytorch and CV/datasets/retail_products//images/train\shampoo (37).jpg,512,512,shampoo,"[189, 136, 269, 338]"
221,C:/Users/Chiqu/Documents/GitHub/Deep-Learning-and-Computer-Vision-for-Business/02-Pytorch and CV/datasets/retail_products//images/train\tissue (37).jpg,512,512,tissue,"[93, 164, 314, 323]"
222,C:/Users/Chiqu/Documents/GitHub/Deep-Learning-and-Computer-Vision-for-Business/02-Pytorch and CV/datasets/retail_products//images/train\aqua (38).jpg,512,512,aqua,"[178, 241, 331, 374]"
223,C:/Users/Chiqu/Documents/GitHub/Deep-Learning-and-Computer-Vision-for-Business/02-Pytorch and CV/datasets/retail_products//images/train\chitato (38).jpg,512,512,chitato,"[120, 200, 344, 380]"
224,C:/Users/Chiqu/Documents/GitHub/Deep-Learning-and-Computer-Vision-for-Business/02-Pytorch and CV/datasets/retail_products//images/train\pepsodent (38).jpg,512,512,pepsodent,"[191, 33, 293, 487]"
225,C:/Users/Chiqu/Documents/GitHub/Deep-Learning-and-Computer-Vision-for-Business/02-Pytorch and CV/datasets/retail_products//images/train\shampoo (38).jpg,512,512,shampoo,"[191, 168, 257, 319]"
226,C:/Users/Chiqu/Documents/GitHub/Deep-Learning-and-Computer-Vision-for-Business/02-Pytorch and CV/datasets/retail_products//images/train\tissue (38).jpg,512,512,tissue,"[156, 125, 301, 383]"
227,C:/Users/Chiqu/Documents/GitHub/Deep-Learning-and-Computer-Vision-for-Business/02-Pytorch and CV/datasets/retail_products//images/train\aqua (39).jpg,512,512,aqua,"[179, 231, 326, 379]"
228,C:/Users/Chiqu/Documents/GitHub/Deep-Learning-and-Computer-Vision-for-Business/02-Pytorch and CV/datasets/retail_products//images/train\chitato (39).jpg,512,512,chitato,"[188, 239, 372, 348]"
229,C:/Users/Chiqu/Documents/GitHub/Deep-Learning-and-Computer-Vision-for-Business/02-Pytorch and CV/datasets/retail_products//images/train\pepsodent (39).jpg,512,512,pepsodent,"[200, 42, 306, 475]"
230,C:/Users/Chiqu/Documents/GitHub/Deep-Learning-and-Computer-Vision-for-Business/02-Pytorch and CV/datasets/retail_products//images/train\shampoo (39).jpg,512,512,shampoo,"[169, 171, 269, 365]"
231,C:/Users/Chiqu/Documents/GitHub/Deep-Learning-and-Computer-Vision-for-Business/02-Pytorch and CV/datasets/retail_products//images/train\tissue (39).jpg,512,512,tissue,"[111, 180, 348, 294]"
232,C:/Users/Chiqu/Documents/GitHub/Deep-Learning-and-Computer-Vision-for-Business/02-Pytorch and CV/datasets/retail_products//images/train\aqua (40).jpg,512,512,aqua,"[198, 79, 350, 510]"
233,C:/Users/Chiqu/Documents/GitHub/Deep-Learning-and-Computer-Vision-for-Business/02-Pytorch and CV/datasets/retail_products//images/train\chitato (40).jpg,512,512,chitato,"[107, 97, 385, 418]"
234,C:/Users/Chiqu/Documents/GitHub/Deep-Learning-and-Computer-Vision-for-Business/02-Pytorch and CV/datasets/retail_products//images/train\pepsodent (40).jpg,512,512,pepsodent,"[168, 165, 262, 327]"
235,C:/Users/Chiqu/Documents/GitHub/Deep-Learning-and-Computer-Vision-for-Business/02-Pytorch and CV/datasets/retail_products//images/train\shampoo (40).jpg,512,512,shampoo,"[178, 165, 265, 355]"
236,C:/Users/Chiqu/Documents/GitHub/Deep-Learning-and-Computer-Vision-for-Business/02-Pytorch and CV/datasets/retail_products//images/train\tissue (40).jpg,512,512,tissue,"[125, 170, 352, 358]"
